用户id,给40岁的刘恋,给40岁的自己
u_test_E401,给40岁的刘恋（001）：愿你依旧热烈，也依旧从容。,给40岁的自己（001）：愿我仍保有勇气，去爱去闯去生活。
u_test_E402,给40岁的刘恋（002）：愿你依旧热烈，也依旧从容。,给40岁的自己（002）：愿我仍保有勇气，去爱去闯去生活。
u_test_E403,给40岁的刘恋（003）：愿你依旧热烈，也依旧从容。,给40岁的自己（003）：愿我仍保有勇气，去爱去闯去生活。
u_test_E404,给40岁的刘恋（004）：愿你依旧热烈，也依旧从容。,给40岁的自己（004）：愿我仍保有勇气，去爱去闯去生活。
u_test_E405,给40岁的刘恋（005）：愿你依旧热烈，也依旧从容。,给40岁的自己（005）：愿我仍保有勇气，去爱去闯去生活。
u_test_E406,给40岁的刘恋（006）：愿你依旧热烈，也依旧从容。,给40岁的自己（006）：愿我仍保有勇气，去爱去闯去生活。
u_test_E407,给40岁的刘恋（007）：愿你依旧热烈，也依旧从容。,给40岁的自己（007）：愿我仍保有勇气，去爱去闯去生活。
u_test_E408,给40岁的刘恋（008）：愿你依旧热烈，也依旧从容。,给40岁的自己（008）：愿我仍保有勇气，去爱去闯去生活。
u_test_E409,给40岁的刘恋（009）：愿你依旧热烈，也依旧从容。,给40岁的自己（009）：愿我仍保有勇气，去爱去闯去生活。
u_test_E410,给40岁的刘恋（010）：愿你依旧热烈，也依旧从容。,给40岁的自己（010）：愿我仍保有勇气，去爱去闯去生活。
u_test_E411,给40岁的刘恋（011）：愿你依旧热烈，也依旧从容。,给40岁的自己（011）：愿我仍保有勇气，去爱去闯去生活。
u_test_E412,给40岁的刘恋（012）：愿你依旧热烈，也依旧从容。,给40岁的自己（012）：愿我仍保有勇气，去爱去闯去生活。
u_test_E413,给40岁的刘恋（013）：愿你依旧热烈，也依旧从容。,给40岁的自己（013）：愿我仍保有勇气，去爱去闯去生活。
u_test_E414,给40岁的刘恋（014）：愿你依旧热烈，也依旧从容。,给40岁的自己（014）：愿我仍保有勇气，去爱去闯去生活。
u_test_E415,给40岁的刘恋（015）：愿你依旧热烈，也依旧从容。,给40岁的自己（015）：愿我仍保有勇气，去爱去闯去生活。
u_test_E416,给40岁的刘恋（016）：愿你依旧热烈，也依旧从容。,给40岁的自己（016）：愿我仍保有勇气，去爱去闯去生活。
u_test_E417,给40岁的刘恋（017）：愿你依旧热烈，也依旧从容。,给40岁的自己（017）：愿我仍保有勇气，去爱去闯去生活。
u_test_E418,给40岁的刘恋（018）：愿你依旧热烈，也依旧从容。,给40岁的自己（018）：愿我仍保有勇气，去爱去闯去生活。
u_test_E419,给40岁的刘恋（019）：愿你依旧热烈，也依旧从容。,给40岁的自己（019）：愿我仍保有勇气，去爱去闯去生活。
u_test_E420,给40岁的刘恋（020）：愿你依旧热烈，也依旧从容。,给40岁的自己（020）：愿我仍保有勇气，去爱去闯去生活。
